Date,Close
19/06/2020,3097.73999
22/06/2020,3117.860107
23/06/2020,3131.290039
24/06/2020,3050.330078
25/06/2020,3083.76001
26/06/2020,3009.050049
29/06/2020,3053.23999
30/06/2020,3100.290039
01/07/2020,3115.860107
02/07/2020,3130.01001
06/07/2020,3179.719971
07/07/2020,3145.320068
08/07/2020,3169.939941
09/07/2020,3152.050049
10/07/2020,3185.040039
13/07/2020,3155.219971
14/07/2020,3197.52002
15/07/2020,3226.560059
16/07/2020,3215.570068
17/07/2020,3224.72998
20/07/2020,3251.840088
21/07/2020,3257.300049
22/07/2020,3276.02002
23/07/2020,3235.659912
24/07/2020,3215.629883
27/07/2020,3239.409912
28/07/2020,3218.439941
29/07/2020,3258.439941
30/07/2020,3246.219971
31/07/2020,3271.120117
03/08/2020,3294.610107
04/08/2020,3306.51001
05/08/2020,3327.77002
06/08/2020,3349.159912
07/08/2020,3351.280029
10/08/2020,3360.469971
11/08/2020,3333.689941
12/08/2020,3380.350098
13/08/2020,3373.429932
14/08/2020,3372.850098
17/08/2020,3381.98999
18/08/2020,3389.780029
19/08/2020,3374.850098
20/08/2020,3385.51001
21/08/2020,3397.159912
24/08/2020,3431.280029
25/08/2020,3443.620117
26/08/2020,3478.72998
27/08/2020,3484.550049
28/08/2020,3508.01001
31/08/2020,3500.310059
01/09/2020,3526.649902
02/09/2020,3580.840088
03/09/2020,3455.060059
04/09/2020,3426.959961
08/09/2020,3331.840088
09/09/2020,3398.959961
10/09/2020,3339.189941
11/09/2020,3340.969971
14/09/2020,3383.540039
15/09/2020,3401.199951
16/09/2020,3385.48999
17/09/2020,3357.01001
18/09/2020,3319.469971
21/09/2020,3281.060059
22/09/2020,3315.570068
23/09/2020,3236.919922
24/09/2020,3246.590088
25/09/2020,3298.459961
28/09/2020,3351.600098
29/09/2020,3335.469971
30/09/2020,3363
01/10/2020,3380.800049
02/10/2020,3348.419922
05/10/2020,3408.600098
06/10/2020,3360.969971
07/10/2020,3419.439941
08/10/2020,3446.830078
09/10/2020,3477.139893
12/10/2020,3534.219971
13/10/2020,3511.929932
14/10/2020,3488.669922
15/10/2020,3483.340088
16/10/2020,3483.810059
19/10/2020,3426.919922
20/10/2020,3443.120117
21/10/2020,3435.560059
22/10/2020,3453.48999
23/10/2020,3465.389893
26/10/2020,3400.969971
27/10/2020,3390.679932
28/10/2020,3271.030029
29/10/2020,3310.110107
30/10/2020,3269.959961
02/11/2020,3310.23999
03/11/2020,3369.159912
04/11/2020,3443.439941
05/11/2020,3510.449951
06/11/2020,3509.439941
09/11/2020,3550.5
10/11/2020,3545.530029
11/11/2020,3572.659912
12/11/2020,3537.01001
13/11/2020,3585.149902
16/11/2020,3626.909912
17/11/2020,3609.530029
18/11/2020,3567.790039
19/11/2020,3581.870117
20/11/2020,3557.540039
23/11/2020,3577.590088
24/11/2020,3635.409912
25/11/2020,3629.649902
27/11/2020,3638.350098
30/11/2020,3621.629883
01/12/2020,3662.449951
02/12/2020,3669.01001
03/12/2020,3666.719971
04/12/2020,3699.120117
07/12/2020,3691.959961
08/12/2020,3702.25
09/12/2020,3672.820068
10/12/2020,3668.100098
11/12/2020,3663.459961
14/12/2020,3647.48999
15/12/2020,3694.620117
16/12/2020,3701.169922
17/12/2020,3722.47998
18/12/2020,3709.409912
21/12/2020,3694.919922
22/12/2020,3687.26001
23/12/2020,3690.01001
24/12/2020,3703.060059
28/12/2020,3735.360107
29/12/2020,3727.040039
30/12/2020,3732.040039
31/12/2020,3756.070068
04/01/2021,3700.649902
05/01/2021,3726.860107
06/01/2021,3748.139893
07/01/2021,3803.790039
08/01/2021,3824.679932
11/01/2021,3799.610107
12/01/2021,3801.189941
13/01/2021,3809.840088
14/01/2021,3795.540039
15/01/2021,3768.25
19/01/2021,3798.909912
20/01/2021,3851.850098
21/01/2021,3853.070068
22/01/2021,3841.469971
25/01/2021,3855.360107
26/01/2021,3849.620117
27/01/2021,3750.77002
28/01/2021,3787.379883
29/01/2021,3714.23999
01/02/2021,3773.860107
02/02/2021,3826.310059
03/02/2021,3830.169922
04/02/2021,3871.73999
05/02/2021,3886.830078
08/02/2021,3915.590088
09/02/2021,3911.22998
10/02/2021,3909.879883
11/02/2021,3916.379883
12/02/2021,3934.830078
16/02/2021,3932.590088
17/02/2021,3931.330078
18/02/2021,3913.969971
19/02/2021,3906.709961
22/02/2021,3876.5
23/02/2021,3881.370117
24/02/2021,3925.429932
25/02/2021,3829.340088
26/02/2021,3811.149902
01/03/2021,3901.820068
02/03/2021,3870.290039
03/03/2021,3819.719971
04/03/2021,3768.469971
05/03/2021,3841.939941
08/03/2021,3821.350098
09/03/2021,3875.439941
10/03/2021,3898.810059
11/03/2021,3939.340088
12/03/2021,3943.340088
15/03/2021,3968.939941
16/03/2021,3962.709961
17/03/2021,3974.120117
18/03/2021,3915.459961
19/03/2021,3913.100098
22/03/2021,3940.590088
23/03/2021,3910.52002
24/03/2021,3889.139893
25/03/2021,3909.52002
26/03/2021,3974.540039
29/03/2021,3971.090088
30/03/2021,3958.550049
31/03/2021,3972.889893
01/04/2021,4019.870117
05/04/2021,4077.909912
06/04/2021,4073.939941
07/04/2021,4079.949951
08/04/2021,4097.169922
09/04/2021,4128.799805
12/04/2021,4127.990234
13/04/2021,4141.589844
14/04/2021,4124.660156
15/04/2021,4170.419922
16/04/2021,4185.470215
19/04/2021,4163.259766
20/04/2021,4134.939941
21/04/2021,4173.419922
22/04/2021,4134.97998
23/04/2021,4180.169922
26/04/2021,4187.620117
27/04/2021,4186.720215
28/04/2021,4183.180176
29/04/2021,4211.470215
30/04/2021,4181.169922
03/05/2021,4192.660156
04/05/2021,4164.660156
05/05/2021,4167.589844
06/05/2021,4201.620117
07/05/2021,4232.600098
10/05/2021,4188.430176
11/05/2021,4152.100098
12/05/2021,4063.040039
13/05/2021,4112.5
14/05/2021,4173.850098
17/05/2021,4163.290039
18/05/2021,4127.830078
19/05/2021,4115.680176
20/05/2021,4159.120117
21/05/2021,4155.859863
24/05/2021,4197.049805
25/05/2021,4188.129883
26/05/2021,4195.990234
27/05/2021,4200.879883
28/05/2021,4204.109863
01/06/2021,4202.040039
02/06/2021,4208.120117
03/06/2021,4192.850098
04/06/2021,4229.890137
07/06/2021,4226.52002
08/06/2021,4227.259766
09/06/2021,4219.549805
10/06/2021,4239.180176
11/06/2021,4247.439941
14/06/2021,4255.149902
15/06/2021,4246.589844
16/06/2021,4223.700195
17/06/2021,4221.859863
18/06/2021,4166.450195
21/06/2021,4224.790039
22/06/2021,4246.439941
23/06/2021,4241.839844
24/06/2021,4266.490234
25/06/2021,4280.700195
28/06/2021,4290.609863
29/06/2021,4291.799805
30/06/2021,4297.5
01/07/2021,4319.939941
02/07/2021,4352.339844
06/07/2021,4343.540039
07/07/2021,4358.129883
08/07/2021,4320.819824
09/07/2021,4369.549805
12/07/2021,4384.629883
13/07/2021,4369.209961
14/07/2021,4374.299805
15/07/2021,4360.029785
16/07/2021,4327.160156
19/07/2021,4258.490234
20/07/2021,4323.060059
21/07/2021,4358.689941
22/07/2021,4367.47998
23/07/2021,4411.790039
26/07/2021,4422.299805
27/07/2021,4401.459961
28/07/2021,4400.640137
29/07/2021,4419.149902
30/07/2021,4395.259766
02/08/2021,4387.160156
03/08/2021,4423.149902
04/08/2021,4402.660156
05/08/2021,4429.100098
06/08/2021,4436.52002
09/08/2021,4432.350098
10/08/2021,4436.75
11/08/2021,4442.410156
12/08/2021,4460.830078
13/08/2021,4468
16/08/2021,4479.709961
17/08/2021,4448.080078
18/08/2021,4400.27002
19/08/2021,4405.799805
20/08/2021,4441.669922
23/08/2021,4479.529785
24/08/2021,4486.22998
25/08/2021,4496.189941
26/08/2021,4470
27/08/2021,4509.370117
30/08/2021,4528.790039
31/08/2021,4522.680176
01/09/2021,4524.089844
02/09/2021,4536.950195
03/09/2021,4535.430176
07/09/2021,4520.029785
08/09/2021,4514.069824
09/09/2021,4493.279785
10/09/2021,4458.580078
13/09/2021,4468.72998
14/09/2021,4443.049805
15/09/2021,4480.700195
16/09/2021,4473.75
17/09/2021,4432.990234
20/09/2021,4357.72998
21/09/2021,4354.189941
22/09/2021,4395.640137
23/09/2021,4448.97998
24/09/2021,4455.47998
27/09/2021,4443.109863
28/09/2021,4352.629883
29/09/2021,4359.459961
30/09/2021,4307.540039
01/10/2021,4357.040039
04/10/2021,4300.459961
05/10/2021,4345.720215
06/10/2021,4363.549805
07/10/2021,4399.759766
08/10/2021,4391.339844
11/10/2021,4361.189941
12/10/2021,4350.649902
13/10/2021,4363.799805
14/10/2021,4438.259766
15/10/2021,4471.370117
18/10/2021,4486.459961
19/10/2021,4519.629883
20/10/2021,4536.189941
21/10/2021,4549.779785
22/10/2021,4544.899902
25/10/2021,4566.47998
26/10/2021,4574.790039
27/10/2021,4551.680176
28/10/2021,4596.419922
29/10/2021,4605.379883
01/11/2021,4613.669922
02/11/2021,4630.649902
03/11/2021,4660.569824
04/11/2021,4680.060059
05/11/2021,4697.529785
08/11/2021,4701.700195
09/11/2021,4685.25
10/11/2021,4646.709961
11/11/2021,4649.27002
12/11/2021,4682.850098
15/11/2021,4682.799805
16/11/2021,4700.899902
17/11/2021,4688.669922
18/11/2021,4704.540039
19/11/2021,4697.959961
22/11/2021,4682.939941
23/11/2021,4690.700195
24/11/2021,4701.459961
26/11/2021,4594.620117
29/11/2021,4655.27002
30/11/2021,4567
01/12/2021,4513.040039
02/12/2021,4577.100098
03/12/2021,4538.430176
06/12/2021,4591.669922
07/12/2021,4686.75
08/12/2021,4701.209961
09/12/2021,4667.450195
10/12/2021,4712.02002
13/12/2021,4668.970215
14/12/2021,4634.089844
15/12/2021,4709.850098
16/12/2021,4668.669922
17/12/2021,4620.640137
20/12/2021,4568.02002
21/12/2021,4649.22998
22/12/2021,4696.560059
23/12/2021,4725.790039
27/12/2021,4791.189941
28/12/2021,4786.350098
29/12/2021,4793.060059
30/12/2021,4778.72998
31/12/2021,4766.180176
03/01/2022,4796.560059
04/01/2022,4793.540039
05/01/2022,4700.580078
06/01/2022,4696.049805
07/01/2022,4677.029785
10/01/2022,4670.290039
11/01/2022,4713.069824
12/01/2022,4726.350098
13/01/2022,4659.029785
14/01/2022,4662.850098
18/01/2022,4577.109863
19/01/2022,4532.759766
20/01/2022,4482.72998
21/01/2022,4397.939941
24/01/2022,4410.129883
25/01/2022,4356.450195
26/01/2022,4349.930176
27/01/2022,4326.509766
28/01/2022,4431.850098
31/01/2022,4515.549805
01/02/2022,4546.540039
02/02/2022,4589.379883
03/02/2022,4477.439941
04/02/2022,4500.529785
07/02/2022,4483.870117
08/02/2022,4521.540039
09/02/2022,4587.180176
10/02/2022,4504.080078
11/02/2022,4418.640137
14/02/2022,4401.669922
15/02/2022,4471.069824
16/02/2022,4475.009766
17/02/2022,4380.259766
18/02/2022,4348.870117
22/02/2022,4304.759766
23/02/2022,4225.5
24/02/2022,4288.700195
25/02/2022,4384.649902
28/02/2022,4373.939941
01/03/2022,4306.259766
02/03/2022,4386.540039
03/03/2022,4363.490234
04/03/2022,4328.870117
07/03/2022,4201.089844
08/03/2022,4170.700195
09/03/2022,4277.879883
10/03/2022,4259.52002
11/03/2022,4204.310059
14/03/2022,4173.109863
15/03/2022,4262.450195
16/03/2022,4357.859863
17/03/2022,4411.669922
18/03/2022,4463.120117
21/03/2022,4461.180176
22/03/2022,4511.609863
23/03/2022,4456.240234
24/03/2022,4520.160156
25/03/2022,4543.060059
28/03/2022,4575.52002
29/03/2022,4631.600098
30/03/2022,4602.450195
31/03/2022,4530.410156
01/04/2022,4545.859863
04/04/2022,4582.640137
05/04/2022,4525.120117
06/04/2022,4481.149902
07/04/2022,4500.209961
08/04/2022,4488.279785
11/04/2022,4412.529785
12/04/2022,4397.450195
13/04/2022,4446.589844
14/04/2022,4392.589844
18/04/2022,4391.689941
19/04/2022,4462.209961
20/04/2022,4459.450195
21/04/2022,4393.660156
22/04/2022,4271.779785
25/04/2022,4296.120117
26/04/2022,4175.200195
27/04/2022,4183.959961
28/04/2022,4287.5
29/04/2022,4131.930176
02/05/2022,4155.379883
03/05/2022,4175.47998
04/05/2022,4300.169922
05/05/2022,4146.870117
06/05/2022,4123.339844
09/05/2022,3991.23999
10/05/2022,4001.050049
11/05/2022,3935.179932
12/05/2022,3930.080078
13/05/2022,4023.889893
16/05/2022,4008.01001
17/05/2022,4088.850098
18/05/2022,3923.679932
19/05/2022,3900.790039
20/05/2022,3901.360107
23/05/2022,3973.75
24/05/2022,3941.47998
25/05/2022,3978.72998
26/05/2022,4057.840088
27/05/2022,4158.240234
31/05/2022,4132.149902
01/06/2022,4101.22998
02/06/2022,4176.819824
03/06/2022,4108.540039
06/06/2022,4121.430176
07/06/2022,4160.680176
08/06/2022,4115.77002
09/06/2022,4017.820068
10/06/2022,3900.860107
13/06/2022,3749.629883
14/06/2022,3735.47998
15/06/2022,3789.98999
16/06/2022,3666.77002
17/06/2022,3674.840088
21/06/2022,3764.790039
22/06/2022,3759.889893
23/06/2022,3795.72998
24/06/2022,3911.73999
27/06/2022,3900.110107
28/06/2022,3821.550049
29/06/2022,3818.830078
30/06/2022,3785.379883
01/07/2022,3825.330078
05/07/2022,3831.389893
06/07/2022,3845.080078
07/07/2022,3902.620117
08/07/2022,3899.379883
11/07/2022,3854.429932
12/07/2022,3818.800049
13/07/2022,3801.780029
14/07/2022,3790.379883
15/07/2022,3863.159912
18/07/2022,3830.850098
19/07/2022,3936.689941
20/07/2022,3959.899902
21/07/2022,3998.949951
22/07/2022,3961.629883
25/07/2022,3966.840088
26/07/2022,3921.050049
27/07/2022,4023.610107
28/07/2022,4072.429932
29/07/2022,4130.290039
01/08/2022,4118.629883
02/08/2022,4091.189941
03/08/2022,4155.169922
04/08/2022,4151.939941
05/08/2022,4145.189941
08/08/2022,4140.060059
09/08/2022,4122.470215
10/08/2022,4210.240234
11/08/2022,4207.27002
12/08/2022,4280.149902
15/08/2022,4297.140137
16/08/2022,4305.200195
17/08/2022,4274.040039
18/08/2022,4283.740234
19/08/2022,4228.47998
22/08/2022,4137.990234
23/08/2022,4128.72998
24/08/2022,4140.77002
25/08/2022,4199.120117
26/08/2022,4057.659912
29/08/2022,4030.610107
30/08/2022,3986.159912
31/08/2022,3955
01/09/2022,3966.850098
02/09/2022,3924.26001
06/09/2022,3908.189941
07/09/2022,3979.870117
08/09/2022,4006.179932
09/09/2022,4067.360107
12/09/2022,4110.410156
13/09/2022,3932.689941
14/09/2022,3946.01001
15/09/2022,3901.350098
16/09/2022,3873.330078
19/09/2022,3899.889893
20/09/2022,3855.929932
21/09/2022,3789.929932
22/09/2022,3757.98999
23/09/2022,3693.22998
26/09/2022,3655.040039
27/09/2022,3647.290039
28/09/2022,3719.040039
29/09/2022,3640.469971
30/09/2022,3585.620117
03/10/2022,3678.429932
04/10/2022,3790.929932
05/10/2022,3783.280029
06/10/2022,3744.52002
07/10/2022,3639.659912
10/10/2022,3612.389893
11/10/2022,3588.840088
12/10/2022,3577.030029
13/10/2022,3669.909912
14/10/2022,3583.070068
17/10/2022,3677.949951
18/10/2022,3719.97998
19/10/2022,3695.159912
20/10/2022,3665.780029
21/10/2022,3752.75
24/10/2022,3797.340088
25/10/2022,3859.110107
26/10/2022,3830.600098
27/10/2022,3807.300049
28/10/2022,3901.060059
31/10/2022,3871.97998
01/11/2022,3856.100098
02/11/2022,3759.689941
03/11/2022,3719.889893
04/11/2022,3770.550049
07/11/2022,3806.800049
08/11/2022,3828.110107
09/11/2022,3748.570068
10/11/2022,3956.370117
11/11/2022,3992.929932
14/11/2022,3957.25
15/11/2022,3991.72998
16/11/2022,3958.790039
17/11/2022,3946.560059
18/11/2022,3965.340088
21/11/2022,3949.939941
22/11/2022,4003.580078
23/11/2022,4027.26001
25/11/2022,4026.120117
28/11/2022,3963.939941
29/11/2022,3957.629883
30/11/2022,4080.110107
01/12/2022,4076.570068
02/12/2022,4071.699951
05/12/2022,3998.840088
06/12/2022,3941.26001
07/12/2022,3933.919922
08/12/2022,3963.51001
09/12/2022,3934.379883
12/12/2022,3990.560059
13/12/2022,4019.649902
14/12/2022,3995.320068
15/12/2022,3895.75
16/12/2022,3852.360107
19/12/2022,3817.659912
20/12/2022,3821.620117
21/12/2022,3878.439941
22/12/2022,3822.389893
23/12/2022,3844.820068
27/12/2022,3829.25
28/12/2022,3783.219971
29/12/2022,3849.280029
30/12/2022,3839.5
03/01/2023,3824.139893
04/01/2023,3852.969971
05/01/2023,3808.100098
06/01/2023,3895.080078
09/01/2023,3892.090088
10/01/2023,3919.25
11/01/2023,3969.610107
12/01/2023,3983.169922
13/01/2023,3999.090088
17/01/2023,3990.969971
18/01/2023,3928.860107
19/01/2023,3898.850098
20/01/2023,3972.610107
23/01/2023,4019.810059
24/01/2023,4016.949951
25/01/2023,4016.219971
26/01/2023,4060.429932
27/01/2023,4070.560059
30/01/2023,4017.77002
31/01/2023,4076.600098
01/02/2023,4119.209961
02/02/2023,4179.759766
03/02/2023,4136.47998
06/02/2023,4111.080078
07/02/2023,4164
08/02/2023,4117.859863
09/02/2023,4081.5
10/02/2023,4090.459961
13/02/2023,4137.290039
14/02/2023,4136.129883
15/02/2023,4147.600098
16/02/2023,4090.409912
17/02/2023,4079.090088
21/02/2023,3997.340088
22/02/2023,3991.050049
23/02/2023,4012.320068
24/02/2023,3970.040039
27/02/2023,3982.23999
28/02/2023,3970.149902
01/03/2023,3951.389893
02/03/2023,3981.350098
03/03/2023,4045.639893
06/03/2023,4048.419922
07/03/2023,3986.370117
08/03/2023,3992.01001
09/03/2023,3918.320068
10/03/2023,3861.590088
13/03/2023,3855.76001
14/03/2023,3919.290039
15/03/2023,3891.929932
16/03/2023,3960.280029
17/03/2023,3916.639893
20/03/2023,3951.570068
21/03/2023,4002.870117
22/03/2023,3936.969971
23/03/2023,3948.719971
24/03/2023,3970.98999
27/03/2023,3977.530029
28/03/2023,3971.27002
29/03/2023,4027.810059
30/03/2023,4050.830078
31/03/2023,4109.310059
03/04/2023,4124.509766
04/04/2023,4100.600098
05/04/2023,4090.379883
06/04/2023,4105.02002
10/04/2023,4109.109863
11/04/2023,4108.939941
12/04/2023,4091.949951
13/04/2023,4146.220215
14/04/2023,4137.640137
17/04/2023,4151.319824
18/04/2023,4154.870117
19/04/2023,4154.52002
20/04/2023,4129.790039
21/04/2023,4133.52002
24/04/2023,4137.040039
25/04/2023,4071.629883
26/04/2023,4055.98999
27/04/2023,4135.350098
28/04/2023,4169.47998
01/05/2023,4167.870117
02/05/2023,4119.580078
03/05/2023,4090.75
04/05/2023,4061.219971
05/05/2023,4136.25
08/05/2023,4138.120117
09/05/2023,4119.169922
10/05/2023,4137.640137
11/05/2023,4130.620117
12/05/2023,4124.080078
15/05/2023,4136.279785
16/05/2023,4109.899902
17/05/2023,4158.77002
18/05/2023,4198.049805
19/05/2023,4191.97998
22/05/2023,4192.629883
23/05/2023,4145.580078
24/05/2023,4115.240234
25/05/2023,4151.279785
26/05/2023,4205.450195
30/05/2023,4205.52002
31/05/2023,4179.830078
01/06/2023,4221.02002
02/06/2023,4282.370117
05/06/2023,4273.790039
06/06/2023,4283.850098
07/06/2023,4267.52002
08/06/2023,4293.930176
09/06/2023,4298.859863
12/06/2023,4338.930176
13/06/2023,4369.009766
14/06/2023,4372.589844
15/06/2023,4425.839844
16/06/2023,4409.589844
20/06/2023,4388.709961
21/06/2023,4365.689941
22/06/2023,4381.890137
23/06/2023,4348.330078
26/06/2023,4328.819824
27/06/2023,4378.410156
28/06/2023,4376.859863
29/06/2023,4396.439941
30/06/2023,4450.379883
03/07/2023,4455.589844
05/07/2023,4446.819824
06/07/2023,4411.589844
07/07/2023,4398.950195
10/07/2023,4409.529785
11/07/2023,4439.259766
12/07/2023,4472.160156
13/07/2023,4510.040039
14/07/2023,4505.419922
17/07/2023,4522.790039
18/07/2023,4554.97998
19/07/2023,4565.720215
20/07/2023,4534.870117
21/07/2023,4536.339844
24/07/2023,4554.640137
25/07/2023,4567.459961
26/07/2023,4566.75
27/07/2023,4537.410156
28/07/2023,4582.22998
31/07/2023,4588.959961
01/08/2023,4576.72998
02/08/2023,4513.390137
03/08/2023,4501.890137
04/08/2023,4478.029785
07/08/2023,4518.439941
08/08/2023,4499.379883
09/08/2023,4467.709961
10/08/2023,4468.830078
11/08/2023,4464.049805
14/08/2023,4489.720215
15/08/2023,4437.859863
16/08/2023,4404.330078
17/08/2023,4370.359863
18/08/2023,4369.709961
21/08/2023,4399.77002
22/08/2023,4387.549805
23/08/2023,4436.009766
24/08/2023,4376.310059
25/08/2023,4405.709961
28/08/2023,4433.310059
29/08/2023,4497.629883
30/08/2023,4514.870117
31/08/2023,4507.660156
01/09/2023,4515.77002
05/09/2023,4496.830078
06/09/2023,4465.47998
07/09/2023,4451.140137
08/09/2023,4457.490234
11/09/2023,4487.459961
12/09/2023,4461.899902
13/09/2023,4467.439941
14/09/2023,4505.100098
15/09/2023,4450.319824
18/09/2023,4453.529785
19/09/2023,4443.950195
20/09/2023,4402.200195
21/09/2023,4330
22/09/2023,4320.060059
25/09/2023,4337.439941
26/09/2023,4273.529785
27/09/2023,4274.509766
28/09/2023,4299.700195
29/09/2023,4288.049805
02/10/2023,4288.390137
03/10/2023,4229.450195
04/10/2023,4263.75
05/10/2023,4258.189941
06/10/2023,4308.5
09/10/2023,4335.660156
10/10/2023,4358.240234
11/10/2023,4376.950195
12/10/2023,4349.609863
13/10/2023,4327.779785
16/10/2023,4373.629883
17/10/2023,4373.200195
18/10/2023,4314.600098
19/10/2023,4278
20/10/2023,4224.160156
23/10/2023,4217.040039
24/10/2023,4247.680176
25/10/2023,4186.77002
26/10/2023,4137.22998
27/10/2023,4117.370117
30/10/2023,4166.819824
31/10/2023,4193.799805
01/11/2023,4237.859863
02/11/2023,4317.779785
03/11/2023,4358.339844
06/11/2023,4365.97998
07/11/2023,4378.379883
08/11/2023,4382.779785
09/11/2023,4347.350098
10/11/2023,4415.240234
13/11/2023,4411.549805
14/11/2023,4495.700195
15/11/2023,4502.879883
16/11/2023,4508.240234
17/11/2023,4514.02002
20/11/2023,4547.379883
21/11/2023,4538.189941
22/11/2023,4556.620117
24/11/2023,4559.339844
27/11/2023,4550.430176
28/11/2023,4554.890137
29/11/2023,4550.580078
30/11/2023,4567.799805
01/12/2023,4594.629883
04/12/2023,4569.779785
05/12/2023,4567.180176
06/12/2023,4549.339844
07/12/2023,4585.589844
08/12/2023,4604.370117
11/12/2023,4622.439941
12/12/2023,4643.700195
13/12/2023,4707.089844
14/12/2023,4719.549805
15/12/2023,4719.189941
18/12/2023,4740.560059
19/12/2023,4768.370117
20/12/2023,4698.350098
21/12/2023,4746.75
22/12/2023,4754.629883
26/12/2023,4774.75
27/12/2023,4781.580078
28/12/2023,4783.350098
29/12/2023,4769.830078
02/01/2024,4742.830078
03/01/2024,4704.810059
04/01/2024,4688.680176
05/01/2024,4697.240234
08/01/2024,4763.540039
09/01/2024,4756.5
10/01/2024,4783.450195
11/01/2024,4780.240234
12/01/2024,4783.830078
16/01/2024,4765.97998
17/01/2024,4739.209961
18/01/2024,4780.939941
19/01/2024,4839.810059
22/01/2024,4850.430176
23/01/2024,4864.600098
24/01/2024,4868.549805
25/01/2024,4894.160156
26/01/2024,4890.970215
29/01/2024,4927.930176
30/01/2024,4924.970215
31/01/2024,4845.649902
01/02/2024,4906.189941
02/02/2024,4958.609863
05/02/2024,4942.810059
06/02/2024,4954.22998
07/02/2024,4995.060059
08/02/2024,4997.910156
09/02/2024,5026.609863
12/02/2024,5021.839844
13/02/2024,4953.169922
14/02/2024,5000.620117
15/02/2024,5029.72998
16/02/2024,5005.569824
20/02/2024,4975.509766
21/02/2024,4981.799805
22/02/2024,5087.029785
23/02/2024,5088.799805
26/02/2024,5069.529785
27/02/2024,5078.180176
28/02/2024,5069.759766
29/02/2024,5096.27002
01/03/2024,5137.080078
04/03/2024,5130.950195
05/03/2024,5078.649902
06/03/2024,5104.759766
07/03/2024,5157.359863
08/03/2024,5123.689941
11/03/2024,5117.939941
12/03/2024,5175.27002
13/03/2024,5165.310059
14/03/2024,5150.47998
15/03/2024,5117.089844
18/03/2024,5149.419922
19/03/2024,5178.509766
20/03/2024,5224.620117
21/03/2024,5241.529785
22/03/2024,5234.180176
25/03/2024,5218.189941
26/03/2024,5203.580078
27/03/2024,5248.490234
28/03/2024,5254.350098
01/04/2024,5243.77002
02/04/2024,5205.810059
03/04/2024,5211.490234
04/04/2024,5147.209961
05/04/2024,5204.339844
08/04/2024,5202.390137
09/04/2024,5209.910156
10/04/2024,5160.640137
11/04/2024,5199.060059
12/04/2024,5123.410156
15/04/2024,5061.819824
16/04/2024,5051.410156
17/04/2024,5022.209961
18/04/2024,5011.120117
19/04/2024,4967.22998
22/04/2024,5010.600098
23/04/2024,5070.549805
24/04/2024,5071.629883
25/04/2024,5048.419922
26/04/2024,5099.959961
29/04/2024,5116.169922
30/04/2024,5035.689941
01/05/2024,5018.390137
02/05/2024,5064.200195
03/05/2024,5127.790039
06/05/2024,5180.740234
07/05/2024,5187.700195
08/05/2024,5187.669922
09/05/2024,5214.080078
10/05/2024,5222.680176
13/05/2024,5221.419922
14/05/2024,5246.680176
15/05/2024,5308.149902
16/05/2024,5297.100098
17/05/2024,5303.27002
20/05/2024,5308.129883
21/05/2024,5321.410156
22/05/2024,5307.009766
23/05/2024,5267.839844
24/05/2024,5304.720215
28/05/2024,5306.040039
29/05/2024,5266.950195
30/05/2024,5235.47998
31/05/2024,5277.509766
03/06/2024,5283.399902
04/06/2024,5291.339844
05/06/2024,5354.029785
06/06/2024,5352.959961
07/06/2024,5346.990234
10/06/2024,5360.790039
11/06/2024,5375.319824
12/06/2024,5421.029785
13/06/2024,5433.740234
14/06/2024,5431.600098
17/06/2024,5473.22998
18/06/2024,5487.029785
20/06/2024,5473.169922
21/06/2024,5464.620117
24/06/2024,5447.870117
25/06/2024,5469.299805
26/06/2024,5477.899902
27/06/2024,5482.870117
28/06/2024,5460.47998
01/07/2024,5475.089844
02/07/2024,5509.009766
03/07/2024,5537.02002
05/07/2024,5567.189941
08/07/2024,5572.850098
09/07/2024,5576.97998
10/07/2024,5633.910156
11/07/2024,5584.540039
12/07/2024,5615.350098
15/07/2024,5631.220215
16/07/2024,5667.200195
17/07/2024,5588.27002
18/07/2024,5544.589844
19/07/2024,5505
22/07/2024,5564.410156
23/07/2024,5555.740234
24/07/2024,5427.129883
25/07/2024,5399.220215
26/07/2024,5459.100098
29/07/2024,5463.540039
30/07/2024,5436.439941
31/07/2024,5522.299805
01/08/2024,5446.680176
02/08/2024,5346.560059
05/08/2024,5186.330078
06/08/2024,5240.029785
07/08/2024,5199.5
08/08/2024,5319.310059
09/08/2024,5344.160156
12/08/2024,5344.390137
13/08/2024,5434.430176
14/08/2024,5455.209961
15/08/2024,5543.220215
16/08/2024,5554.25
19/08/2024,5608.25
20/08/2024,5597.120117
21/08/2024,5620.850098
22/08/2024,5570.640137
23/08/2024,5634.609863
26/08/2024,5616.839844
27/08/2024,5625.799805
28/08/2024,5592.180176
29/08/2024,5591.959961
30/08/2024,5648.399902
03/09/2024,5528.930176
04/09/2024,5520.069824
05/09/2024,5503.410156
06/09/2024,5408.419922
09/09/2024,5471.049805
10/09/2024,5495.52002
11/09/2024,5554.129883
12/09/2024,5595.759766
13/09/2024,5626.02002
16/09/2024,5633.089844
17/09/2024,5634.580078
18/09/2024,5618.259766
19/09/2024,5713.640137
20/09/2024,5702.549805
23/09/2024,5718.569824
24/09/2024,5732.930176
25/09/2024,5722.259766
26/09/2024,5745.370117
27/09/2024,5738.169922
30/09/2024,5762.47998
01/10/2024,5708.75
02/10/2024,5709.540039
03/10/2024,5699.939941
04/10/2024,5751.069824
07/10/2024,5695.939941
08/10/2024,5751.129883
09/10/2024,5792.040039
10/10/2024,5780.049805
11/10/2024,5815.029785
14/10/2024,5859.850098
15/10/2024,5815.259766
16/10/2024,5842.470215
17/10/2024,5841.470215
18/10/2024,5864.669922
21/10/2024,5853.97998
22/10/2024,5851.200195
23/10/2024,5797.419922
24/10/2024,5809.859863
25/10/2024,5808.120117
28/10/2024,5823.52002
29/10/2024,5832.919922
30/10/2024,5813.669922
31/10/2024,5705.450195
01/11/2024,5728.799805
04/11/2024,5712.689941
05/11/2024,5782.759766
06/11/2024,5929.040039
07/11/2024,5973.100098
08/11/2024,5995.540039
11/11/2024,6001.350098
12/11/2024,5983.990234
13/11/2024,5985.379883
14/11/2024,5949.169922
15/11/2024,5870.620117
18/11/2024,5893.620117
19/11/2024,5916.97998
20/11/2024,5917.109863
21/11/2024,5948.709961
22/11/2024,5969.339844
25/11/2024,5987.370117
26/11/2024,6021.629883
27/11/2024,5998.740234
29/11/2024,6032.379883
02/12/2024,6047.149902
03/12/2024,6049.879883
04/12/2024,6086.490234
05/12/2024,6075.109863
06/12/2024,6090.27002
09/12/2024,6052.850098
10/12/2024,6034.910156
11/12/2024,6084.189941
12/12/2024,6051.25
13/12/2024,6051.089844
16/12/2024,6074.080078
17/12/2024,6050.609863
18/12/2024,5872.160156
19/12/2024,5867.080078
20/12/2024,5930.850098
23/12/2024,5974.069824
24/12/2024,6040.040039
26/12/2024,6037.589844
27/12/2024,5970.839844
30/12/2024,5906.939941
31/12/2024,5881.629883
02/01/2025,5868.549805
03/01/2025,5942.470215
06/01/2025,5975.379883
07/01/2025,5909.029785
08/01/2025,5918.25
10/01/2025,5827.040039
13/01/2025,5836.220215
14/01/2025,5842.910156
15/01/2025,5949.910156
16/01/2025,5937.339844
17/01/2025,5996.660156
21/01/2025,6049.240234
22/01/2025,6086.370117
23/01/2025,6118.709961
24/01/2025,6101.240234
27/01/2025,6012.279785
28/01/2025,6067.700195
29/01/2025,6039.310059
30/01/2025,6071.169922
31/01/2025,6040.529785
03/02/2025,5994.569824
04/02/2025,6037.879883
05/02/2025,6061.47998
06/02/2025,6083.569824
07/02/2025,6025.990234
10/02/2025,6066.439941
11/02/2025,6068.5
12/02/2025,6051.970215
13/02/2025,6115.069824
14/02/2025,6114.629883
18/02/2025,6129.580078
19/02/2025,6144.149902
20/02/2025,6117.52002
21/02/2025,6013.129883
24/02/2025,5983.25
25/02/2025,5955.25
26/02/2025,5956.060059
27/02/2025,5861.569824
28/02/2025,5954.5
03/03/2025,5849.720215
04/03/2025,5778.149902
05/03/2025,5842.629883
06/03/2025,5738.52002
07/03/2025,5770.200195
10/03/2025,5614.560059
11/03/2025,5572.069824
12/03/2025,5599.299805
13/03/2025,5521.52002
14/03/2025,5638.939941
17/03/2025,5675.120117
18/03/2025,5614.660156
19/03/2025,5675.290039
20/03/2025,5662.890137
21/03/2025,5667.560059
24/03/2025,5767.569824
25/03/2025,5776.649902
26/03/2025,5712.200195
27/03/2025,5693.310059
28/03/2025,5580.939941
31/03/2025,5611.850098
01/04/2025,5633.069824
02/04/2025,5670.970215
03/04/2025,5396.52002
04/04/2025,5074.080078
07/04/2025,5062.25
08/04/2025,4982.77002
09/04/2025,5456.899902
10/04/2025,5268.049805
11/04/2025,5363.359863
14/04/2025,5405.970215
15/04/2025,5396.629883
16/04/2025,5275.700195
17/04/2025,5282.700195
21/04/2025,5158.200195
22/04/2025,5287.759766
23/04/2025,5375.859863
24/04/2025,5484.77002
25/04/2025,5525.209961
28/04/2025,5528.75
29/04/2025,5560.830078
30/04/2025,5569.060059
01/05/2025,5604.140137
02/05/2025,5686.669922
05/05/2025,5650.379883
06/05/2025,5606.910156
07/05/2025,5631.279785
08/05/2025,5663.939941
09/05/2025,5659.910156
12/05/2025,5844.189941
13/05/2025,5886.549805
14/05/2025,5892.580078
15/05/2025,5916.930176
16/05/2025,5958.379883
19/05/2025,5963.600098
20/05/2025,5940.459961
21/05/2025,5844.609863
22/05/2025,5842.009766
23/05/2025,5802.819824
27/05/2025,5921.540039
28/05/2025,5888.549805
29/05/2025,5912.169922
30/05/2025,5911.689941
02/06/2025,5935.939941
03/06/2025,5970.370117
04/06/2025,5970.810059
05/06/2025,5939.299805
06/06/2025,6000.359863
09/06/2025,6005.879883
10/06/2025,6038.810059
11/06/2025,6022.240234
12/06/2025,6045.259766
13/06/2025,5976.970215
16/06/2025,6033.109863
17/06/2025,5982.720215
18/06/2025,5980.870117
